Zone,AQIScore
Baner,21.86349630789219
Hadapsar,32.75804525886473
Kothrud,25.847734573505427
Shivajinagar,31.087798281314836
Wakad,27.810501598224768
