Zone,AQIScore
Zone A,25.847734573505427
Zone B,21.86349630789219
Zone C,27.810501598224768
Zone D,32.75804525886473
Zone E,31.087798281314836
