Zone,RoadScore
Kothrud,48.235294117647065
Baner,34.117647058823536
Wakad,74.11764705882354
Hadapsar,20.0
Shivajinagar,100.0
