Zone,RoadScore
Zone A,46.0
Zone B,0.0
Zone C,100.0
Zone D,17.999999999999993
Zone E,74.00000000000001
