Zone,TrafficScore
Zone A,32.04872646733112
Zone B,32.586150739365515
Zone C,33.617679629991535
Zone D,36.0250146570256
Zone E,36.57392955621455
