Zone,TrafficScore
Baner,32.586150739365515
Hadapsar,36.0250146570256
Kothrud,32.04872646733112
Shivajinagar,36.57392955621455
Wakad,33.617679629991535
