Zone,TransportScore
Kothrud,11.851851851851851
Baner,26.66666666666668
Wakad,80.0
Hadapsar,0.0
Shivajinagar,50.37037037037038
