Zone,TransportScore
Zone A,0.0
Zone B,45.45454545454546
Zone C,100.0
Zone D,15.151515151515149
Zone E,69.6969696969697
